iso,country,year,105,106,107,108,167
AFG,Afghanistan,2016,0.5836121265673562,0.0761898239704713,0.0026685709241256843,0.24940284890231895,0.08812662963572787
AFG,Afghanistan,2017,0.5645811202581265,0.0883300852961303,0.01137260796512532,0.24397363204373135,0.09174255443688648
AFG,Afghanistan,2018,0.5478248168810468,0.09280207302931953,0.010845485696344722,0.2545709377876015,0.09395668660568753
AFG,Afghanistan,2019,0.5289968663655776,0.09291416947929716,0.0108559687605952,0.2680135665075434,0.09921942888698672
AGO,Angola,2016,0.3569472031751857,0.010984311752252706,9.337840086394521e-4,0.43451677546794704,0.19661792559597502
AGO,Angola,2017,0.34763101744897984,0.021374188518473138,0.002115520149113585,0.4139510220949352,0.21492825178849825
AGO,Angola,2018,0.33437226224101574,0.024286849103238806,0.002022181233195538,0.4285944927008109,0.21072421472173905
AGO,Angola,2019,0.3293564371650178,0.021164947569656686,0.0017622442332883642,0.42391959849838873,0.22379677253364852
ALB,Albania,2016,0.5388860559804255,0.13620607767325427,0.09865965573827172,0.21055095901528476,0.01569725159276382
ALB,Albania,2017,0.5382244641356707,0.13607149168200477,0.0985779751224314,0.21055482755457736,0.01657124150531581
ALB,Albania,2018,0.5005203896974404,0.12626915120635818,0.11240418195291378,0.2221461573157348,0.03866011982755296
ALB,Albania,2019,0.49584887773783115,0.12506781420495322,0.11321429490499828,0.2227458962490347,0.04312311690318258
ARE,United Arab Emirates,2016,0,0.5562130177514792,0.26627218934911245,0.17751479289940827,0
ARE,United Arab Emirates,2017,0.33725490196078434,0.3686274509803922,0.17647058823529413,0.11764705882352941,0
ARE,United Arab Emirates,2018,0.33725490196078434,0.3686274509803922,0.17647058823529413,0.11764705882352941,0
ARE,United Arab Emirates,2019,0.33725490196078434,0.3686274509803922,0.17647058823529413,0.11764705882352941,0
ARG,Argentina,2016,0.20290251849130356,0.157935505599057,0.06033882140424197,0.42615604899717047,0.15266710550822699
ARG,Argentina,2017,0.24097330694065314,0.17491025706666247,0.04555433701104168,0.38073573968714725,0.15782635929449548
ARG,Argentina,2018,0.2708902717638081,0.22939922665832757,0.04072054723555273,0.3275533059042842,0.1314366484380275
ARG,Argentina,2019,0.4479708471875826,0.14837894596599774,0.02125305251461109,0.20589239183881636,0.17650476249299216
ARM,Armenia,2016,0.33578538349088505,0.059373892858360554,0.084352647202876,0.4061468050856178,0.11434127136226055
ARM,Armenia,2017,0.3357715604677561,0.05937144865818214,0.08434917472119394,0.4061300855470182,0.11437773060584965
ARM,Armenia,2018,0.32944383372541175,0.05959892689544087,0.08293974646387377,0.40672539046891226,0.12129210244636131
ARM,Armenia,2019,0.3339122877726205,0.05840812568411044,0.08140096921363352,0.40279191100968215,0.12348670631995337
ATG,Antigua & Barbuda,2016,0,0.5,0,0.5,0
ATG,Antigua & Barbuda,2017,0,0.5,0,0.5,0
ATG,Antigua & Barbuda,2018,0,0.5,0,0.26936026936026936,0.23063973063973064
ATG,Antigua & Barbuda,2019,0,0.5,0,0.26936026936026936,0.23063973063973064
AZE,Azerbaijan,2016,0.49396633139996476,0.010311429814600186,0.04833829588162265,0.33055007737432063,0.11683386552949168
AZE,Azerbaijan,2017,0.4922592321269156,0.01078874791873233,0.04817124346425224,0.33196918981431434,0.11681158667578555
AZE,Azerbaijan,2018,0.33057097126712226,0.03864236651140486,0.08386169709016214,0.3223177237062251,0.22460724142508567
AZE,Azerbaijan,2019,0.45391784889724973,0.02987363740413322,0.10325316180739139,0.24567270299662008,0.16728264889460556
BDI,Burundi,2016,0.3383239253887232,0.10953419373838762,0.19586731955790557,0.29492592062001527,0.061348640694968266
BDI,Burundi,2017,0.3614761497707472,0.10807072830591818,0.18743618950006616,0.2804133686538842,0.06260356376938425
BDI,Burundi,2018,0.36506930168831686,0.11688770479723326,0.1823662922747151,0.2746127475895227,0.061063953650212124
BDI,Burundi,2019,0.3646978511363625,0.10877018631453175,0.16970147221746656,0.26197986849400606,0.0948506218376331
BEN,Benin,2016,0.30865697132255554,0.13671247962740196,0.1272622918193465,0.32721361083511574,0.10015464639558024
BEN,Benin,2017,0.3019557069559945,0.11704581993644878,0.11013876325586029,0.38263682118161874,0.08822288867007777
BEN,Benin,2018,0.2795303900555519,0.10888535636599644,0.10396784491572467,0.38734970970401866,0.1202666989587083
BEN,Benin,2019,0.25801414392937333,0.10353317343140862,0.09812137810483978,0.42736712070841926,0.11296418382595903
BFA,Burkina Faso,2016,0.39989016049311665,0.0782308604483696,0.12718902236730864,0.2675490477551209,0.1271409089360842
BFA,Burkina Faso,2017,0.39825148660050463,0.07708710555576685,0.12227063289274848,0.2735112035851775,0.12887957136580258
BFA,Burkina Faso,2018,0.4131632352677246,0.061033868142656704,0.10123664709382964,0.319162346247615,0.10540390324817402
BFA,Burkina Faso,2019,0.42524231856849964,0.05499563610102009,0.09038060701956876,0.3300667714324426,0.09931466687846895
BGD,Bangladesh,2016,0.04715567361277179,0.2765047601657403,0.08487919138190922,0.49675062572304085,0.09470974911653789
BGD,Bangladesh,2017,0.04992422197489784,0.27241667084043786,0.08715672444547255,0.4958561303234515,0.09464625241574029
BGD,Bangladesh,2018,0.06478775363212264,0.2627632151305239,0.08771693841240559,0.48555264091315764,0.09917945191179019
BGD,Bangladesh,2019,0.08893854744208465,0.2525170301992037,0.08450122594939899,0.4759624463961829,0.09808075001312982
BHR,Bahrain,2016,0.2829065993508835,0.7170934006491165,0,0,0
BHR,Bahrain,2017,0.18210306406685237,0.46158310120705665,0,0.356313834726091,0
BHR,Bahrain,2018,0.18210306406685237,0.46158310120705665,0,0.356313834726091,0
BHR,Bahrain,2019,0.18210306406685237,0.46158310120705665,0,0.356313834726091,0
BHS,Bahamas,2016,0.5,0,0,0,0.5
BHS,Bahamas,2017,0.5,0,0,0,0.5
BHS,Bahamas,2018,0.5,0,0,0,0.5
BHS,Bahamas,2019,0.5,0,0,0,0.5
BIH,Bosnia & Herzegovina,2016,0.2092981969072621,0.2461640965259803,0.1882700856192378,0.2030113376906945,0.15325628325682528
BIH,Bosnia & Herzegovina,2017,0.20936057858675686,0.24601493177212255,0.1885039962476265,0.20304313610949457,0.15307735728399957
BIH,Bosnia & Herzegovina,2018,0.20563215641557878,0.24766736357753877,0.18503006019401463,0.20542262988541785,0.15624778992745
BIH,Bosnia & Herzegovina,2019,0.19416437700611205,0.22595463600730334,0.16840465074186567,0.2676081911396971,0.14386814510502194
BLR,Belarus,2016,0.20022857076400788,0.11362790388916019,0.003664872434708404,0.6822190822138146,2.595706983089472e-4
BLR,Belarus,2017,0.20787964417444824,0.09868414713602036,0.009854886422147283,0.6436006585221403,0.03998066374524386
BLR,Belarus,2018,0.18252661836078726,0.08664861696338323,0.008652983316897943,0.626087105346557,0.09608467601237462
BLR,Belarus,2019,0.1956750469627824,0.08920907047128962,0.0174590317755654,0.599447793522282,0.09820905726808057
BLZ,Belize,2016,0.17123739434025587,0.0171555879984919,0.0425439544911081,0.5679545932051162,0.2011084699650279
BLZ,Belize,2017,0.13742897193066902,0.013768457705062175,0.034144247231188155,0.45581992267638144,0.3588384004566992
BLZ,Belize,2018,0.13287287344862403,0.0319723759202054,0.03596319165012577,0.4495767893326138,0.34961476964843097
BLZ,Belize,2019,0.13513896353989832,0.031775026612493235,0.03882745619866501,0.44680177916884983,0.3474567744800936
BOL,Bolivia,2016,0.1866007749148902,0.10836929731551102,0.019152713642936064,0.28292340830507834,0.40295380582158435
BOL,Bolivia,2017,0.18781183262905804,0.10892757406387955,0.01999443288918828,0.28276865057390166,0.4004975098439725
BOL,Bolivia,2018,0.18725461844649272,0.11114211832551993,0.01993187714381656,0.28227824817536806,0.3993931379088028
BOL,Bolivia,2019,0.18724509309057405,0.11059777269012311,0.020354619567899242,0.28524854215721374,0.39655397249418983
BRA,Brazil,2016,0.38174364665798405,0.12688466030943485,0.13438369596662963,0.22836131136350182,0.1286266857024497
BRA,Brazil,2017,0.37849236152570404,0.13208260985761758,0.11288452352116203,0.2674633040117632,0.10907720108375306
BRA,Brazil,2018,0.3458489641131742,0.13282116910088526,0.13444876322658947,0.25971653174788656,0.12716457181146446
BRA,Brazil,2019,0.4079999998764181,0.1152274296757536,0.12565350411176268,0.23742926001161913,0.11368980632444652
BRB,Barbados,2016,0.5,0.5,0,0,0
BRB,Barbados,2017,0.5,0.5,0,0,0
BRB,Barbados,2018,0.5,0.5,0,0,0
BRB,Barbados,2019,0.5,0.5,0,0,0
BRN,Brunei,2016,0,0.7063077541181197,0,0.29369224588188025,0
BRN,Brunei,2017,0,0.7026428353192788,0,0.23243201955392603,0.06492514512679498
BRN,Brunei,2018,0.25964989379623526,0.4491808882052784,0,0.1991259552235162,0.09204326277497007
BRN,Brunei,2019,0.2695614556859352,0.33162097370176097,0.1376196398637322,0.1470105805800393,0.11418735016853222
BTN,Bhutan,2016,0.15096824337081238,0.293151889765513,0.2784303332026819,0.16582005207322312,0.11162948158776959
BTN,Bhutan,2017,0.16185665665086466,0.2839778997523823,0.2775577748402481,0.1684715562548986,0.10813611250160642
BTN,Bhutan,2018,0.17574319050758427,0.27573564354437047,0.2695018581835161,0.1688024060917612,0.11021690167276803
BTN,Bhutan,2019,0.17436073620229092,0.2735666153934659,0.2696346524237568,0.16972733566699186,0.11271066031349453
BWA,Botswana,2016,0.517751349364267,4.7530367639120623e-4,0.005630956462417912,0.20682538783954676,0.2693170026573771
BWA,Botswana,2017,0.5173674485777938,8.3307116249562e-4,0.005622882820138793,0.20688729142137158,0.2692893060182002
BWA,Botswana,2018,0.5194994870584634,8.285387667916811e-4,0.005592291039886306,0.20576170322068443,0.2683179799141741
BWA,Botswana,2019,0.5049050481410627,0.026842400069719025,0.005435185302492647,0.19998118430968762,0.26283618217703797
CAF,Central African Republic,2016,0.2785474202118018,0.5042805037907901,0.024326091100927254,0.13807169314397663,0.054774291752504096
CAF,Central African Republic,2017,0.2748372427515997,0.49486380575011363,0.027320648509930698,0.1482148689612594,0.05476343402709661
CAF,Central African Republic,2018,0.32437345096499437,0.2983288371278087,0.014367520775605463,0.3265905655115418,0.036339625620049575
CAF,Central African Republic,2019,0.32490847954754154,0.2945132812124015,0.015783539861626065,0.3248489743587442,0.03994572501968667
CHL,Chile,2016,0.25075076150995684,0.060338481609565224,0.13985147076933765,0.5478646404864786,0.001194645624661575
CHL,Chile,2017,0.25058677655787787,0.06029902169743702,0.14008699922377416,0.5478333381656834,0.0011938643552276086
CHL,Chile,2018,0.25058677655787787,0.06029902169743702,0.14008699922377416,0.5478333381656834,0.0011938643552276086
CHL,Chile,2019,0.25058677655787787,0.06029902169743702,0.14008699922377416,0.5478333381656834,0.0011938643552276086
CHN,China,2016,0.09742991777417619,0.08266445404472024,0.4385670462160385,0.210402892827357,0.1709356891377081
CHN,China,2017,0.09172052775634199,0.0828399966626085,0.41834241288848634,0.20988771167552386,0.19720935101703932
CHN,China,2018,0.09258042968314162,0.08880566630736621,0.40488479444796927,0.20827569768306922,0.20545341187845376
CHN,China,2019,0.10070510516904303,0.08830764133985462,0.37115134005447586,0.23512630387789463,0.20470960955873183
CIV,Côte d’Ivoire,2016,0.5101372270183832,0.007970356368521888,0.018538967756364502,0.2689798710653165,0.19437357779141393
CIV,Côte d’Ivoire,2017,0.506978736519541,0.00809384721415778,0.018248435923577357,0.2756980419350523,0.19098093840767147
CIV,Côte d’Ivoire,2018,0.47571619975575447,0.04084555201601614,0.023682997610595224,0.27384090267989003,0.18591434793774406
CIV,Côte d’Ivoire,2019,0.4698507722197674,0.04223618840471948,0.024306361937664746,0.2745126369968156,0.18909404044103287
CMR,Cameroon,2016,0.3153978932265179,0.02257204392853962,0.09992751234641922,0.3885188977439582,0.17358365275456505
CMR,Cameroon,2017,0.3096061311767803,0.029034928607300805,0.09718847417738846,0.38187305241243336,0.18229741362609705
CMR,Cameroon,2018,0.35520677284595287,0.027400913606360797,0.05864167117209021,0.39631028579780525,0.16244035657779085
CMR,Cameroon,2019,0.35601506054523563,0.024113855210402466,0.050068680267809494,0.3675681864129679,0.2022342175635845
COD,Congo - Kinshasa,2016,0.20062320854755725,0.005686027245279508,0.009906796175221217,0.38327910523887804,0.40050486279306396
COD,Congo - Kinshasa,2017,0.21094516301660765,0.005732305776972778,0.009535013991205378,0.388183862948686,0.3856036542665282
COD,Congo - Kinshasa,2018,0.2118220073120588,0.00759546720131242,0.009511796812365853,0.3875235202696595,0.3835472084046034
COD,Congo - Kinshasa,2019,0.2396995912606704,0.06602395763900551,0.06678341854235297,0.31966194440753937,0.3078310881504317
COG,Congo - Brazzaville,2016,0.08587337725591762,0.3825107112658301,0.06995189281787394,0.418403256780076,0.04326076188030239
COG,Congo - Brazzaville,2017,0.08684177906671424,0.3772719220530792,0.07406671555110375,0.41391809954572595,0.047901483783376886
COG,Congo - Brazzaville,2018,0.08655045625736515,0.37915158890723155,0.07381824846664857,0.4126342342787088,0.047845472090045894
COG,Congo - Brazzaville,2019,0.06535794598971142,0.2419733498763807,0.0475017181907663,0.2865481233757698,0.35861886256737185
COK,Cook Islands,2016,0.023403049817612123,0.3563549952201655,0.02876478602860227,0.26835651827253487,0.32312065066108514
COK,Cook Islands,2017,0.02327002216361278,0.3571715023909619,0.02860128118487467,0.266831125713042,0.3241260685475087
COK,Cook Islands,2018,0.023261297319745005,0.3572250543958868,0.028778027050959967,0.26673108025994613,0.32400454097346215
COK,Cook Islands,2019,0.020987097117784837,0.4200675902619746,0.025964469662836363,0.24065343427752195,0.2923274086798822
COL,Colombia,2016,0.301714708174543,0.07903132191774545,0.05391068740695309,0.47782521964468166,0.08751806285607681
COL,Colombia,2017,0.15809844640093848,0.06100267495658144,0.19100494756919142,0.294800882613664,0.29509304845962464
COL,Colombia,2018,0.1929489918553932,0.05446402676634735,0.17993504658178988,0.28106126138725396,0.29159067340921574
COL,Colombia,2019,0.19529572658185992,0.07147011390052893,0.15585253301550817,0.29334551377624907,0.2840361127258539
COM,Comoros,2016,0.20243384866985142,0.27272525645178214,0.003055549215626624,0.23807476618834283,0.28371057947439693
COM,Comoros,2017,0.2088144908642021,0.26687727182381743,0.0029900297801498683,0.23296978401291357,0.28834842351891715
COM,Comoros,2018,0.21848461832330474,0.2612479298303476,0.0029269599649944036,0.23398756720321975,0.2833529246781336
COM,Comoros,2019,0.2245748150533719,0.24177072138968178,0.003746394858999893,0.24211156035095918,0.28779650834698733
CPV,Cape Verde,2016,0.26165743711911105,0.07284135223209333,0.0669888506469752,0.33713076318579993,0.26138159681602047
CPV,Cape Verde,2017,0.2655827110946447,0.0721281526625863,0.06574096283270299,0.3393919587348892,0.2571562146751767
CPV,Cape Verde,2018,0.27057424695747734,0.06849402171848962,0.06327359308533159,0.33781362015886335,0.2598445180798381
CPV,Cape Verde,2019,0.2917555853450863,0.06625374092916053,0.061204060423875536,0.3281027633306343,0.2526838499712434
CRI,Costa Rica,2016,0.2828864802620328,0.09024173143746576,0.1471234230339262,0.38239891847552976,0.09734944679104561
CRI,Costa Rica,2017,0.22093032727088516,0.059513585970304664,0.0968119766390373,0.5585534172783957,0.06419069284137727
CRI,Costa Rica,2018,0.3876232939445445,0.06131761989976513,0.08409293443428519,0.41567955725125066,0.05128659447015457
CRI,Costa Rica,2019,0.41410192839377147,0.08823409403202827,0.05444056827792077,0.409758062151372,0.03346534714490754
CUB,Cuba,2016,0.20585274958689526,0.6425924194777108,0.021537751534421373,0.0710520536888323,0.05896502571214015
CUB,Cuba,2017,0.1598838210283306,0.6644345296639841,0.016230054042343605,0.11462272886484165,0.044828866400500066
CUB,Cuba,2018,0.1535208390830534,0.64538673395863555,0.015581582497555741,0.12625804714382377,0.05925279731693141
CUB,Cuba,2019,0.1643940667600195,0.6271299896657786,0.015417751612039116,0.12376074159539266,0.06929745036677012
DJI,Djibouti,2016,0.5049429347157668,0.04022155830091048,0.24342697679558328,0.09223177294798335,0.11917675723975611
DJI,Djibouti,2017,0.5412092809973358,0.037275051597713264,0.22559427092424006,0.08547515911403239,0.1104462373666785
DJI,Djibouti,2018,0.4958163554939434,0.07885503476790043,0.1857182779973353,0.13080699809923427,0.10880333364158658
DJI,Djibouti,2019,0.46975007344818565,0.07470943215876416,0.17595461255610903,0.15021637983953243,0.1293695019974087
DMA,Dominica,2016,0.49293413365953637,0.0036493473507197977,0,0.5034165189897439,0
DMA,Dominica,2017,0.4589185560271312,0.0033975192673317647,0,0.46867759037061496,0.06900633433492201
DMA,Dominica,2018,0.4589185560271312,0.0033975192673317647,0,0.46867759037061496,0.06900633433492201
DMA,Dominica,2019,0.4589185560271312,0.0033975192673317647,0,0.46867759037061496,0.06900633433492201
DOM,Dominican Republic,2016,0.20864085356298956,0.047071097729984024,0.028247529238451172,0.5195864089761384,0.1964541104924369
DOM,Dominican Republic,2017,0.20658494288170792,0.04660276914085856,0.02809465386977744,0.5252352751062187,0.1934823590014374
DOM,Dominican Republic,2018,0.20589491864251644,0.055133611463303464,0.02782267854939682,0.5195808715544944,0.19156791979028892
DOM,Dominican Republic,2019,0.2057825965907046,0.05435023266690845,0.02668716002320861,0.5259958929929892,0.18718411772618915
DZA,Algeria,2016,0.7320986025441639,0.029593443509243623,0.004195654631384293,0.1866699027088329,0.04744239660637524
DZA,Algeria,2017,0.7277302736843272,0.031166114404047512,0.005326964506734791,0.1874852825426031,0.048291364862287384
DZA,Algeria,2018,0.7326923400124401,0.035265793782217975,0.011740765372342431,0.17610656761174773,0.04419453322125168
DZA,Algeria,2019,0.717317297243409,0.04559666334997847,0.011856628099577046,0.17030953197360596,0.054919879333429567
ECU,Ecuador,2016,0.2241588942085125,0.029060450727330222,0.10998647356501833,0.5068967147607807,0.12989746673835828
ECU,Ecuador,2017,0.18300330345625887,0.027856100063822047,0.0879149183827045,0.5314892911002658,0.1697363869969487
ECU,Ecuador,2018,0.18147230355175925,0.02789797070986524,0.09116399221114589,0.5268768158553545,0.17258891767187506
ECU,Ecuador,2019,0.2175159397123082,0.026378317752490797,0.08702495285353969,0.5058931027257313,0.16318768695593006
EGY,Egypt,2016,0.34531956032276867,0.057900755562704076,0.006241123859089828,0.4986229932454293,0.09191556701000812
EGY,Egypt,2017,0.3658755117198391,0.05492898478657077,0.006882947597581979,0.4782774598348471,0.09403509606116102
EGY,Egypt,2018,0.36890667655930953,0.06825690650563498,0.007957442770319696,0.46086501884757164,0.09401395531716425
EGY,Egypt,2019,0.36753795850979876,0.06862645029212414,0.0079279190554082,0.46161973687629615,0.09428793526637272
ERI,Eritrea,2016,0.11624150461729454,0.0025033762658666545,0.00200130100714043,0.7943344852514336,0.08491933285826478
ERI,Eritrea,2017,0.11624150461729454,0.0025033762658666545,0.00200130100714043,0.7943344852514336,0.08491933285826478
ERI,Eritrea,2018,0.1162240971042856,0.0025057367722832514,0.0020799094488005913,0.7942077571429232,0.08498249953170733
ERI,Eritrea,2019,0.11618757925429682,0.00248833871532471,0.0020654680344193562,0.7917797575004147,0.0874788564955444
ETH,Ethiopia,2016,0.195173441161647,0.03416338015805837,0.22939825472827932,0.31360817876508135,0.22765674518693405
ETH,Ethiopia,2017,0.23056421720537634,0.04372108509479171,0.21283079526578047,0.29351161969528056,0.21937228273877088
ETH,Ethiopia,2018,0.23056604808326112,0.045389350682674565,0.21058336197742752,0.2915576137605309,0.22190362549610584
ETH,Ethiopia,2019,0.2290952480005223,0.045216030150899526,0.2016503150658234,0.30892339794596463,0.2151150088367902
FJI,Fiji,2016,0.42868830390207746,0.23745150298304535,0.010010058064682657,0.15586930528871112,0.16798082976148337
FJI,Fiji,2017,0.4277412225721228,0.23803153928790619,0.00998794330433457,0.15552495040986739,0.16871434442576907
FJI,Fiji,2018,0.3851039580219522,0.22275451639928526,0.009101712525300289,0.17187321910623327,0.21116659394722892
FJI,Fiji,2019,0.3599350454446479,0.215499007953187,0.008469609026745486,0.2070525948519084,0.2090437427235113
FSM,Micronesia (Federated States of),2016,0.17109941090135541,0.3641194129672782,0.004939506771574128,0.20424734817060902,0.2555943211891832
FSM,Micronesia (Federated States of),2017,0.1700826163621053,0.3649269121758209,0.004910152704920906,0.20303356498350075,0.25704675377365205
FSM,Micronesia (Federated States of),2018,0.16942641937558048,0.365448038644161,0.004891208808846976,0.20225023970102793,0.25798409347038354
FSM,Micronesia (Federated States of),2019,0.16942641937558048,0.365448038644161,0.004891208808846976,0.20225023970102793,0.25798409347038354
GAB,Gabon,2016,0.21678469434879988,0.029241911912859284,0.01313808913390533,0.546528334643597,0.19430696996083854
GAB,Gabon,2017,0.0762142012644174,0.33529143004326134,0.0045652639973115874,0.5160445241428928,0.06788458055211698
GAB,Gabon,2018,0.06541212940142403,0.28643405988621523,0.003900031387720256,0.5862610772483995,0.05799270207624107
GAB,Gabon,2019,0.05694647298917076,0.5909640321397818,0.0019733232193617787,0.31428770901533964,0.03582846263634599
GBR,United Kingdom,2016,NA,NA,NA,NA,NA
GBR,United Kingdom,2017,NA,NA,NA,NA,NA
GBR,United Kingdom,2018,NA,NA,NA,NA,NA
GBR,United Kingdom,2019,NA,NA,NA,NA,NA
GEO,Georgia,2016,0.1493052211954788,0.3534693531610922,0.01359571267335033,0.36848489932351763,0.11514481364656101
GEO,Georgia,2017,0.1491484798769119,0.35336073055087214,0.013843890998352997,0.36836051332280356,0.11528638525105935
GEO,Georgia,2018,0.1426713229596734,0.34931072735188967,0.012874131692299257,0.3672304184845465,0.12791339951159114
GEO,Georgia,2019,0.15407849331976825,0.33672172908994463,0.01240730177249567,0.36356312936365653,0.13322934645413492
GHA,Ghana,2016,0.4597103490920211,0.07025052250032714,0.04140396304265731,0.31571172786878543,0.11292343749620896
GHA,Ghana,2017,0.4546770463589542,0.06922304314524089,0.05273287584053948,0.3116010543128886,0.11176598034237686
GHA,Ghana,2018,0.48692005612638467,0.06810959655125574,0.06043125899125106,0.27641764119674606,0.10812144713436243
GHA,Ghana,2019,0.4716496139388803,0.06345264074901458,0.055922523393228604,0.2818093133523942,0.12716590856648244
GIN,Guinea,2016,0.4312193387241189,0.2488232041401125,0.03186672778911441,0.15009110477502727,0.13799962457162693
GIN,Guinea,2017,0.4323657034712639,0.2421900630912062,0.03101722301353379,0.15966017044875336,0.13476683997524264
GIN,Guinea,2018,0.47602101385260176,0.21588539137545545,0.027731817635634603,0.16063757620234367,0.11972420093396449
GIN,Guinea,2019,0.5112572527343278,0.1998490364000408,0.02567184836728761,0.1511084268755379,0.11211343562280593
GMB,Gambia,2016,0.11802942023630383,0.2170262845816975,0.0052509350916803066,0.36710019865845933,0.2925931614318591
GMB,Gambia,2017,0.1138910031299401,0.20941678106261466,0.01893302401186346,0.364826909681881,0.29293228211370087
GMB,Gambia,2018,0.1125529601083023,0.20695645799218754,0.01871059028170594,0.37228921045784846,0.2894907811599558
GMB,Gambia,2019,0.11367937573554299,0.2066937730341429,0.018686841370119302,0.37181667253089346,0.2891233373293014
GNB,Guinea-Bissau,2016,0.27706385186394256,0.050536941499210425,0.0098661977600272,0.6033108118111103,0.05922219706570953
GNB,Guinea-Bissau,2017,0.28804809126595443,0.05204957313260763,0.023484136521125517,0.580533744688616,0.05588445439169648
GNB,Guinea-Bissau,2018,0.2588130986979077,0.0876374829395944,0.06347060317856981,0.5276963354449073,0.06238247973902083
GNB,Guinea-Bissau,2019,0.2560368934237511,0.12438320512644817,0.02278875007149798,0.5329699496608289,0.06382120171747391
GNQ,Equatorial Guinea,2016,0.149796288338849,0.1888277969045773,0.035032346618999545,0.616767802394508,0.009575765743066149
GNQ,Equatorial Guinea,2017,0.14804882210335263,0.18662500401115456,0.034623672655540394,0.6212384427094122,0.009464058520540185
GNQ,Equatorial Guinea,2018,0.1463656588158554,0.1843805717473562,0.03420727353254483,0.6197803772488301,0.015266118655413457
GNQ,Equatorial Guinea,2019,0.1840201594462084,0.17182810767894777,0.031878473009657605,0.5895679615118617,0.02270529835332462
GRD,Grenada,2016,0,0,0,0.5,0.5
GRD,Grenada,2017,0,0,0,0.5,0.5
GRD,Grenada,2018,0,0,0,0.5131666262890127,0.4868333737109873
GRD,Grenada,2019,0,0,0,0.5131666262890127,0.4868333737109873
GTM,Guatemala,2016,0.11151086293939655,0.10429368346036001,0.18158408604809004,0.1796334472572187,0.4229779202949347
GTM,Guatemala,2017,0.11350067428178169,0.10836600810046518,0.18277842686683343,0.18800412387741702,0.4073507668735027
GTM,Guatemala,2018,0.11833006431629407,0.10721046034244278,0.1805451041181548,0.19125749953195514,0.4026568716911533
GTM,Guatemala,2019,0.12985976116086656,0.1020513486081123,0.17179934965323163,0.20098404664448594,0.3953054939333036
GUY,Guyana,2016,0.45561350624399866,0.0783169675017649,0.01771229588951095,0.13699905510685956,0.3113581752578659
GUY,Guyana,2017,0.45620756101640114,0.07726879801668991,0.01747524013193727,0.14185734476780432,0.30719105606716735
GUY,Guyana,2018,0.4358124594098705,0.07627204147009271,0.02508048358183361,0.14517821977680734,0.31765679576139577
GUY,Guyana,2019,0.4345076371573093,0.07604368302184364,0.02500539262842928,0.14773755569464586,0.3167057314977719
HKG,Hong Kong SAR China,2016,0.8075393491289979,0,0,0,0.19246065087100206
HKG,Hong Kong SAR China,2017,0.8075393491289979,0,0,0,0.19246065087100206
HKG,Hong Kong SAR China,2018,0.8075393491289979,0,0,0,0.19246065087100206
HKG,Hong Kong SAR China,2019,0.8075393491289979,0,0,0,0.19246065087100206
HND,Honduras,2016,0.41111431377663715,0.2247438315095824,0.0034628478102162867,0.24403193401972165,0.11664707288384248
HND,Honduras,2017,0.410971637027471,0.2244306962742143,0.003458023029679207,0.24419330100436976,0.11694634266426576
HND,Honduras,2018,0.4120603871045879,0.22395565034065001,0.003449671759380978,0.24371221108447794,0.11682207971090314
HND,Honduras,2019,0.41143021398000096,0.22274128285596737,0.006490022061929691,0.2433720283187545,0.11596645278334747
HRV,Croatia,2016,0,1,0,0,0
HRV,Croatia,2017,0,1,0,0,0
HRV,Croatia,2018,0,1,0,0,0
HRV,Croatia,2019,0,1,0,0,0
HTI,Haiti,2016,0.6448131144747768,0.0352868068597422,0.03812251988376426,0.20848692338372518,0.07329063539799145
HTI,Haiti,2017,0.5589784871669903,0.08554003951367257,0.02495805874469601,0.27701810392818377,0.05350531064645732
HTI,Haiti,2018,0.5172145969172668,0.08271375479867392,0.025522770048371654,0.2913311555764075,0.08321772265928024
HTI,Haiti,2019,0.48327325239632585,0.0812337786904087,0.023567494232975026,0.3063445896808541,0.10558088499943638
IDN,Indonesia,2016,0.3285448193327768,0.11995107628946684,0.017442918035303838,0.3996210763185342,0.13444011002391837
IDN,Indonesia,2017,0.30935681552117805,0.10481250643758815,0.014976205279663576,0.4258621221588808,0.14499235060268933
IDN,Indonesia,2018,0.3102086295915071,0.1100531937173395,0.013437217175352782,0.4207739144864589,0.14552704502934177
IDN,Indonesia,2019,0.34283675326553215,0.09691387577263419,0.026267084487633673,0.4010425647231302,0.13293972175106983
IND,India,2016,0.44027203760815303,0.06657505812322244,0.052808852578559023,0.3748065295112692,0.06553752217879623
IND,India,2017,0.4231340020089005,0.07638005404329141,0.05354670725327789,0.38026401519427594,0.06667522150025425
IND,India,2018,0.42264681817267236,0.07385219416336526,0.052135346471421144,0.3774468503562061,0.07391879083633514
IND,India,2019,0.39603225536530623,0.08530531945892965,0.05905944097459752,0.36739923131675806,0.09220375288440856
IRN,Iran,2016,0.12165709740244975,0.1731253196915168,0.009373260199717499,0.6620008406908373,0.033843482015478654
IRN,Iran,2017,0.14738047767374868,0.16461319782636522,0.018602364970336908,0.6289825256657919,0.04042143386375728
IRN,Iran,2018,0.011762540758505913,0.4729612010358573,0.0014846679806030036,0.0505364037361296,0.4632551864889041
IRN,Iran,2019,0.011754838606818857,0.47257302766959963,0.0014854011856966494,0.05090334020081728,0.46328339233706756
IRQ,Iraq,2016,0.45039340667328337,0.01574308330839525,0.03480307958891263,0.3160706787367817,0.18298975169262705
IRQ,Iraq,2017,0.4293530141336863,0.014656271730677519,0.03203839350872538,0.3193966589054875,0.20455566172142314
IRQ,Iraq,2018,0.3508249183285465,0.04979617302627087,0.022614376085422612,0.3695245883987065,0.2072399441610535
IRQ,Iraq,2019,0.34627836467234996,0.04797029728125077,0.022033638103755443,0.3746748643640886,0.2090428355785553
JAM,Jamaica,2016,0.2855740187956622,0.04111035998626958,0.07214084000256936,0.47772234316710266,0.12345243804839626
JAM,Jamaica,2017,0.2583910867839252,0.037197188454778096,0.06527397039962203,0.5274363826193276,0.11170137174234719
JAM,Jamaica,2018,0.2690968037377078,0.03545794394637642,0.06222192804708953,0.5261535281944807,0.10706979607434558
JAM,Jamaica,2019,0.2690968037377078,0.03545794394637642,0.06222192804708953,0.5261535281944807,0.10706979607434558
JOR,Jordan,2016,0.2551635419634671,0.10451364108109837,0.009864326470683776,0.3813584737201006,0.24910001676465018
JOR,Jordan,2017,0.2637218131847479,0.09371589120479505,0.008646062849036013,0.37433142393114,0.259584808830281
JOR,Jordan,2018,0.2642725579562996,0.10216857570161865,0.041814562455346524,0.3460724110381541,0.24567189284858099
JOR,Jordan,2019,0.2554562110496886,0.09903421447739587,0.040310608878150016,0.3566232526093323,0.24857571298543324
KAZ,Kazakhstan,2016,0.16168174045572198,0.09654639482186143,0.046552188443214,0.6646259063360744,0.03059376994312811
KAZ,Kazakhstan,2017,0.1575305917149058,0.10532700481112826,0.04651171722641856,0.6608224056813784,0.029808280566168955
KAZ,Kazakhstan,2018,0.2167955148082911,0.11389355744388481,0.04190410400453939,0.6002088330211414,0.02719799072214341
KAZ,Kazakhstan,2019,0.21269025856547016,0.12560404139469128,0.04152130591272071,0.5874337501710739,0.03275064395604393
KEN,Kenya,2016,0.13222396512316686,0.04920054281007157,0.013295429346325405,0.4382661094861059,0.3670139532343302
KEN,Kenya,2017,0.1351310029338977,0.04884508696957376,0.01328303269990491,0.437573433747866,0.36516744364875764
KEN,Kenya,2018,0.15961380888100304,0.07058214784631868,0.01674178954443138,0.40885330894783495,0.344208944780412
KEN,Kenya,2019,0.17886893664950274,0.06857407200273019,0.014915374030317195,0.3986786612617876,0.33896295605566223
KGZ,Kyrgyzstan,2016,0.40220284683800805,0.008418975559452792,0.22780221885182286,0.12009193924982257,0.24148401950089374
KGZ,Kyrgyzstan,2017,0.36158146380411654,0.04937877374784414,0.20468310109259186,0.13774928057230929,0.24660738078313812
KGZ,Kyrgyzstan,2018,0.35576817116242476,0.06365695747675587,0.2018511775480957,0.13571425911769291,0.24300943469503075
KGZ,Kyrgyzstan,2019,0.35544463547751187,0.06395067319432811,0.2016676140247903,0.1357970300890321,0.24314004721433757
KHM,Cambodia,2016,0.29949432893159705,0.12908348400027994,0.028788658694628454,0.28445364663224165,0.258179881741253
KHM,Cambodia,2017,0.2919814438506781,0.12428026020539336,0.028217839451979546,0.2938019068792484,0.2617185496127007
KHM,Cambodia,2018,0.29060878729933387,0.12440504082050573,0.02798384348655602,0.296832863796693,0.26016946459691137
KHM,Cambodia,2019,0.2802726265370225,0.11808866343162137,0.026563907339523424,0.31750647183443553,0.25756833085739717
KIR,Kiribati,2016,0.223008172675509,0.21108416348258052,0.07730123752877638,0.3254644865844463,0.16314193972868773
KIR,Kiribati,2017,0.27650995456462796,0.13531608965973146,0.09502380739261695,0.3381070062699762,0.15504314211304737
KIR,Kiribati,2018,0.27390752227259296,0.1251640577809454,0.10729122142287202,0.3289974853518121,0.16463971317177756
KIR,Kiribati,2019,0.27230571906101647,0.12890255317235205,0.10276069277124339,0.3241288163217257,0.17190221867366243
KNA,St. Kitts & Nevis,2016,NA,NA,NA,NA,NA
KNA,St. Kitts & Nevis,2017,NA,NA,NA,NA,NA
KNA,St. Kitts & Nevis,2018,NA,NA,NA,NA,NA
KNA,St. Kitts & Nevis,2019,0.5,0,0,0.5,0
KOR,South Korea,2016,0.19279638323629214,0.06736633340541531,0,0.6724709499528773,0.06736633340541531
KOR,South Korea,2017,0.19279638323629214,0.06736633340541531,0,0.6724709499528773,0.06736633340541531
KOR,South Korea,2018,0.19279638323629214,0.06736633340541531,0,0.6724709499528773,0.06736633340541531
KOR,South Korea,2019,0.19279638323629214,0.06736633340541531,0,0.6724709499528773,0.06736633340541531
KWT,Kuwait,2016,0.5098039215686274,0.24313725490196078,0.10980392156862745,0.06862745098039216,0.06862745098039216
KWT,Kuwait,2017,0.32459425717852686,0.28963795255930086,0.06991260923845194,0.2721598002496879,0.04369538077403246
KWT,Kuwait,2018,0.3458422174840085,0.2860341151385927,0.05970149253731343,0.232409381663113,0.07601279317697228
KWT,Kuwait,2019,0.3458422174840085,0.2860341151385927,0.05970149253731343,0.232409381663113,0.07601279317697228
LAO,Laos,2016,0.14646442950733507,0.026053416484319542,0.029698107477338826,0.45386903537505824,0.3439150111559483
LAO,Laos,2017,0.10212877651761941,0.032574453435579714,0.020337688540916797,0.45160468681630817,0.39335439468957584
LAO,Laos,2018,0.12015847713577543,0.0565915274901887,0.017891750806537324,0.4317196456593193,0.3736385989081792
LAO,Laos,2019,0.0947983546087953,0.03923156457343853,0.012392559747497091,0.5961698331067948,0.2574076879634742
LBN,Lebanon,2016,0.707530954216654,0.04401521339623519,0.1137807017112678,0.07267888329814869,0.06199424737769434
LBN,Lebanon,2017,0.6931981590749527,0.05081829334291337,0.11085893301908828,0.07858450338880903,0.06654011117423653
LBN,Lebanon,2018,0.6747781234649239,0.05613298784826154,0.10808776394942965,0.08876954441293711,0.07223158032444778
LBN,Lebanon,2019,0.6494194027601109,0.0626361673822146,0.10344278846392008,0.10393078218441734,0.08057085920933707
LBR,Liberia,2016,0.41261708846386624,0.12305052788375063,0.03775782770269994,0.29279589047128013,0.13377866547840297
LBR,Liberia,2017,0.4092665980817538,0.12205134578074263,0.037451230515854556,0.29041835972334556,0.14081246589830337
LBR,Liberia,2018,0.3846578478338376,0.08664975547050136,0.08217173909290168,0.2545153321427761,0.1920053254599833
LBR,Liberia,2019,0.37998163364070214,0.08332558168102235,0.07901935695581046,0.2591363878526581,0.19853703986980703
LBY,Libya,2016,0.012548239542144542,6.821728291240296e-4,0.012331192868748772,0.488399618748541,0.48603877601144174
LBY,Libya,2017,0.012972360151786046,7.344036707942583e-4,0.012322583663415425,0.48819127705223053,0.4857793754617738
LBY,Libya,2018,0.012945029880711209,8.254899045901442e-4,0.012296622346590812,0.488169839022599,0.485763018845509
LBY,Libya,2019,0.012932715304057162,8.247046179742852e-4,0.012284924598507697,0.48818109302707235,0.4857765624523886
LCA,St. Lucia,2016,0,0.5,0,0.5,0
LCA,St. Lucia,2017,0,0.5,0,0.12610340479192939,0.3738965952080706
LCA,St. Lucia,2018,0,0.5,0,0.12610340479192939,0.3738965952080706
LCA,St. Lucia,2019,0,0.5,0,0.12610340479192939,0.3738965952080706
LKA,Sri Lanka,2016,0.31178727372704507,0.06916859789768606,0.0044881746102746305,0.3251734915416067,0.2893824622233875
LKA,Sri Lanka,2017,0.2826856549229135,0.1098260070053152,0.006265532760052866,0.3401289917280514,0.2610938135836671
LKA,Sri Lanka,2018,0.28743288481268964,0.10268019775544104,0.008157023846960047,0.34808186399350804,0.2536480295914012
LKA,Sri Lanka,2019,0.2865949677949317,0.10013872830374511,0.007674498489954614,0.34933945099265507,0.25625235441871347
LSO,Lesotho,2016,0.40467729201544683,0.04297687569731549,0.009168059190251059,0.28840621872626515,0.2547715543707215
LSO,Lesotho,2017,0.403724052758296,0.0429007271185996,0.009145827478889033,0.28889124799583854,0.2553381446483768
LSO,Lesotho,2018,0.3687857822715234,0.09923237207582551,0.008739638194263828,0.2724935606134781,0.2507486468449091
LSO,Lesotho,2019,0.36093684756021194,0.11986633804647044,0.010328188877189937,0.25599724601864365,0.25287137949748406
MAR,Morocco,2016,0.21269703072629162,0.2854599470894697,0.012046713895052985,0.4534116618703657,0.03638464641881993
MAR,Morocco,2017,0.20445766322435915,0.27706385251429855,0.011629031619562321,0.4693587935890313,0.037490659052748634
MAR,Morocco,2018,0.2002359309079758,0.2840235434729827,0.0240953069641996,0.455502396421653,0.036142822233188876
MAR,Morocco,2019,0.19699693315420722,0.28012266908755395,0.02356578180618984,0.4611701527849247,0.038144463167124276
MDA,Moldova,2016,0.3464308235185232,0.01201155619611216,0.32274245436705246,0.21535353234008928,0.1034616335782229
MDA,Moldova,2017,0.34631343628809697,0.013351650621401078,0.3202939435889951,0.21625009894918412,0.10379087055232275
MDA,Moldova,2018,0.34704188980349726,0.013773332843840306,0.31923737369529886,0.21611606959922217,0.10383133405814143
MDA,Moldova,2019,0.3484686505997389,0.014840367196054383,0.3173006618268296,0.2161709803253842,0.10321934005199287
MDG,Madagascar,2016,0.8564794089994516,0.008436615035644395,0.013297722607968668,0.05982307654223836,0.06196317681469701
MDG,Madagascar,2017,0.8396004702505732,0.012259654023973086,0.01586126619111167,0.06587997571466263,0.0663986338196794
MDG,Madagascar,2018,0.8335510814058409,0.011373651203086763,0.01524740765962474,0.06567304549658234,0.07415481423486535
MDG,Madagascar,2019,0.7826717754241328,0.0120993455929887,0.0143396788195671,0.09198338698682038,0.09890581317649107
MDV,Maldives,2016,0.29021979733683084,0.008816180924583465,0.027666943242568874,0.4408269321736411,0.23247014632237564
MDV,Maldives,2017,0.2889177027968909,0.014046335058995978,0.02749198568894472,0.4382915878558526,0.23125238859931582
MDV,Maldives,2018,0.24242226509893877,0.014994667682663793,0.024226807996575797,0.4456760844580129,0.2726801747638088
MDV,Maldives,2019,0.2413756051198826,0.014929928090546354,0.024122208568219065,0.4437518745632069,0.2758203836581451
MEX,Mexico,2016,0.4313519793236328,0.1217204333315109,0.08619109888559288,0.2960157949614817,0.06472069349778176
MEX,Mexico,2017,0.3651115793857684,0.15156099086608638,0.0714346867657131,0.35833877316438,0.05355396981805213
MEX,Mexico,2018,0.35970791020034193,0.15041416657713694,0.07878021467380768,0.35834897588234255,0.05274873266637094
MEX,Mexico,2019,0.3808667331034775,0.12254135265865,0.07144746012363715,0.3755101112529631,0.04963434286127227
MHL,Marshall Islands,2016,0.07622819911307542,0.2647501835153868,0.004164725093186562,0.312763357680975,0.34209353459737624
MHL,Marshall Islands,2017,0.06272622364888834,0.21785611381998168,0.0034270451180913124,0.3459277847565533,0.37006283265648543
MHL,Marshall Islands,2018,0.049688502924545255,0.1683677960651635,0.0038597592522195408,0.379026391107011,0.3990575506510607
MHL,Marshall Islands,2019,0.08725372547985444,0.1526615806893896,0.0034997010253450056,0.385869278844833,0.370715713960578
MKD,North Macedonia,2016,0.10427029170909206,0.40230995670542763,0.031796352427568224,0.41481219399463704,0.046811205163275055
MKD,North Macedonia,2017,0.10427029170909206,0.40230995670542763,0.031796352427568224,0.41481219399463704,0.046811205163275055
MKD,North Macedonia,2018,0.0792312682854808,0.3057009584530437,0.024160911880029622,0.5089729600790055,0.08193390130244031
MKD,North Macedonia,2019,0.04179525183149152,0.1665209177970197,0.012745112104804742,0.2684881045356174,0.5104506137310666
MLI,Mali,2016,0.2736209736653013,0.06559657110408389,0.010536648591147153,0.45063116451881585,0.19961464212065183
MLI,Mali,2017,0.2595727158221758,0.061256097565851104,0.009817891871483098,0.47196389745278794,0.19738939728770213
MLI,Mali,2018,0.30541899568709807,0.10828498048789102,0.014839143525688025,0.4013443342494088,0.1701125460499141
MLI,Mali,2019,0.3150107838011404,0.10015302621741667,0.014845320913471622,0.40434196437624514,0.16564890469172616
MMR,Myanmar (Burma),2016,0.29356836670317066,0.15976750315025307,0.04276772637641296,0.4187020224113651,0.08519438135879821
MMR,Myanmar (Burma),2017,0.27862635439880207,0.15171281006580836,0.04140374385273845,0.44604729293678363,0.08220979874586756
MMR,Myanmar (Burma),2018,0.27902940097536966,0.1504221710690705,0.041431202435734595,0.44522415651051933,0.08389306900930589
MMR,Myanmar (Burma),2019,0.2792461600336431,0.14889717516646028,0.04099287586691751,0.4442226083027335,0.08664118063024552
MNE,Montenegro,2016,0.17480561781044712,0.574605959795518,0.06814891830633135,0.1661608330745053,0.016278671013198305
MNE,Montenegro,2017,0.17456421259072502,0.5730793620126982,0.06864724558991739,0.1667247930142277,0.016984386792431857
MNE,Montenegro,2018,0.22926629879224433,0.5262519013198413,0.06350853861174247,0.15936691651346271,0.02160634476270906
MNE,Montenegro,2019,0.23032235619974537,0.490264686290515,0.05916557010276982,0.16635461480859448,0.05389277259837525
MNG,Mongolia,2016,0.20879255280606682,0.031860120470772864,0.006556661978936752,0.5774317824656741,0.17535888227854945
MNG,Mongolia,2017,0.20689848489621337,0.03228688648855632,0.0073530133336104815,0.5788371911461961,0.17462442413542376
MNG,Mongolia,2018,0.18570751334163074,0.056493109572501754,0.006836732882229287,0.5425475727270057,0.20841507147663255
MNG,Mongolia,2019,0.19295428955424793,0.05406092047424151,0.006400514157492424,0.5271404880803331,0.21944378773368511
MOZ,Mozambique,2016,0.5716512736091794,2.751979337320153e-4,0.09179599278405692,0.24522314375930737,0.09105439191372422
MOZ,Mozambique,2017,0.5671025447911225,0.006908749366181127,0.0835651885552348,0.25286950842847955,0.08955400885898196
MOZ,Mozambique,2018,0.5203107049325715,0.0263161435033662,0.09167761941313564,0.2761573124230771,0.08553821972784963
MOZ,Mozambique,2019,0.5145962228480548,0.03226825545751858,0.09001734904667896,0.2760007978769449,0.08711737477080267
MRT,Mauritania,2016,0.44518565624805495,0.04294466765070274,0.014890959999048109,0.29010055291820713,0.20687816318398713
MRT,Mauritania,2017,0.11841019194814645,0.10285081521983432,0.0038023712818211043,0.07890422944594566,0.6960323921042525
MRT,Mauritania,2018,0.121660672193475,0.10172013899207724,0.003913524361240336,0.08299452978926788,0.6897111346639394
MRT,Mauritania,2019,0.12724694175500234,0.10917752341594777,0.0055982057872820115,0.08247892038953691,0.675498408652231
MSR,Montserrat,2016,0.4928490986416529,0.12873581821573438,0.004780029184621645,0.36885502477336946,0.004780029184621645
MSR,Montserrat,2017,0.4928490986416529,0.12873581821573438,0.004780029184621645,0.36885502477336946,0.004780029184621645
MSR,Montserrat,2018,0.4928490986416529,0.12873581821573438,0.004780029184621645,0.36885502477336946,0.004780029184621645
MSR,Montserrat,2019,0.4928490986416529,0.12873581821573438,0.004780029184621645,0.36885502477336946,0.004780029184621645
MUS,Mauritius,2016,0.06913475121486182,0.28157035462277963,0.008566403796020737,0.3749714314570249,0.26575705890931295
MUS,Mauritius,2017,0.06913475121486182,0.28157035462277963,0.008566403796020737,0.3749714314570249,0.26575705890931295
MUS,Mauritius,2018,0.07743732427268195,0.2967493260482584,0.011705535617509068,0.356425939997266,0.2576818740642846
MUS,Mauritius,2019,0.09802587080962855,0.27115159178693826,0.01515129575262976,0.3529487993687089,0.26272244228209457
MWI,Malawi,2016,0.21161920105569432,0.21740680637016527,0.01651833722679889,0.35589662020443796,0.19855903514290352
MWI,Malawi,2017,0.20587470488176843,0.2402713669831079,0.015706657332080518,0.34076248752602495,0.1973847832770182
MWI,Malawi,2018,0.18475663010359056,0.2087630705923057,0.01521782266459643,0.33149424795406884,0.2597682286854385
MWI,Malawi,2019,0.23424772914320577,0.17404237258465144,0.01248986445931416,0.27990441857703036,0.2993156152357983
MYS,Malaysia,2016,0.30466808411120827,0.14007600217825325,0.1565269456704951,0.32917906262893754,0.06954990541110591
MYS,Malaysia,2017,0.30305680917530403,0.1463527575419948,0.15094712296652305,0.3212741947939154,0.07836911552226261
MYS,Malaysia,2018,0.2877356588319487,0.13500367085229184,0.1308678067785874,0.37766432417798934,0.06872853935918279
MYS,Malaysia,2019,0.28836350499419244,0.12739554301853986,0.12740307785398453,0.3818190260774331,0.07501884805584999
"NAM",Namibia,2016,0.35384887577806623,0.06268841637948665,0.001474405915628117,0.2795361703776072,0.30245213154921186
"NAM",Namibia,2017,0.35480626148565947,0.06257852562474013,0.0014718213300183882,0.2792214487586301,0.3019219428009519
"NAM",Namibia,2018,0.3545054134038963,0.062525463907861345,0.0014705733401379952,0.2789846907124377,0.30251385863566665
"NAM",Namibia,2019,0.3526379504144113,0.062196092379716926,0.0014628266564987748,0.2789925266333633,0.30471060391600957
NER,Niger,2016,0.20657880615848964,0.020990908407750863,0.013300142230048181,0.21824770104374705,0.5408824421599643
NER,Niger,2017,0.2069880276494862,0.02120456245846075,0.013277085065211755,0.21978295950441448,0.5387473653224267
NER,Niger,2018,0.20782746079039502,0.0210963349292625,0.015132815936450585,0.2188214173476367,0.5371219709962551
NER,Niger,2019,0.2115482291027902,0.020949945207318132,0.014677714291686057,0.22234718893094238,0.5304769224672632
NGA,Nigeria,2016,0.42449579656254843,0.008960246914149218,0.013886203585333868,0.4733109533374958,0.07934679960047261
NGA,Nigeria,2017,0.42336135003746417,0.00911605255553517,0.013930782484464862,0.47062295583634584,0.08296885908618999
NGA,Nigeria,2018,0.41847608299825007,0.00836349039299158,0.012780747452463253,0.45997501012606357,0.10040466903023157
NGA,Nigeria,2019,0.4348750819167538,0.012403018967896973,0.016497683058985753,0.4373451973985526,0.09887901865781082
NIC,Nicaragua,2016,0.24077757313921516,0.03562713821710162,0.21236819284821132,0.35561275355948035,0.15561434223599152
NIC,Nicaragua,2017,0.2522686015013117,0.03719945327120414,0.20218365502918403,0.34983755021320245,0.15851073998509776
NIC,Nicaragua,2018,0.24510971531804351,0.035953378147413735,0.20569993300072828,0.35945742026825944,0.15377955326555504
NIC,Nicaragua,2019,0.2525787941096947,0.035393586580985945,0.20104609719595987,0.3538378286779728,0.15714369343538664
NIU,Niue,2016,0.14630638258847078,0.3454107469092094,0,0.24165114290830295,0.2666317275940168
NIU,Niue,2017,0.14486747823850082,0.34693111221929035,0,0.23927453517216601,0.26892687437004276
NIU,Niue,2018,0.14486747823850082,0.34693111221929035,0,0.23927453517216601,0.26892687437004276
NIU,Niue,2019,0.17216522789128766,0.3202637751892978,0,0.2593155565679944,0.2482554403514202
NPL,Nepal,2016,0.3682387177167415,0.11874699386308832,0.029616043393241972,0.39676072727457523,0.08663751775235307
NPL,Nepal,2017,0.3404805619952225,0.10788032417693806,0.028438204567511467,0.36520878642177645,0.15799212283855152
NPL,Nepal,2018,0.3389525503944505,0.11542022086188196,0.02773140695702761,0.3701642461192762,0.14773157566736378
NPL,Nepal,2019,0.28698860525916026,0.10043690114885467,0.11456036756647979,0.3396353260547621,0.15837879997074322
NRU,Nauru,2016,0.030259423263952572,0.3522392001755173,1.4148022864848318e-4,0.2853103148947038,0.3320495814371778
NRU,Nauru,2017,0.029141406438714577,0.35769862545515213,1.3625285618048391e-4,0.2747687480682724,0.3382549671816803
NRU,Nauru,2018,0.03771028145775101,0.35352013257259596,1.3096651582681623e-4,0.2738077698099547,0.3348308496438715
NRU,Nauru,2019,0.057991989933353895,0.3436300391445654,1.1845425328153291e-4,0.27153322608708635,0.3267262905817128
OMN,Oman,2016,0.24812030075187969,0.5169172932330827,0,0.1174812030075188,0.1174812030075188
OMN,Oman,2017,0.24812030075187969,0.5169172932330827,0,0.1174812030075188,0.1174812030075188
OMN,Oman,2018,0.44651196730881493,0.24080560420315236,0.13317279626386455,0.08975481611208407,0.08975481611208407
OMN,Oman,2019,0.44651196730881493,0.24080560420315236,0.13317279626386455,0.08975481611208407,0.08975481611208407
PAK,Pakistan,2016,0.33445473677520665,0.0175499585695383,0.016480999085357263,0.35273195536528373,0.278782350204614
PAK,Pakistan,2017,0.3509749917756335,0.018642115998511746,0.02091131988221599,0.34880348068773087,0.2606680916559078
PAK,Pakistan,2018,0.37124019872689346,0.027047063030526206,0.02126145324514112,0.3414167962140687,0.2390344887833705
PAK,Pakistan,2019,0.36751447585910657,0.02925726912240754,0.02403179541387652,0.3387333515990593,0.24046310800555007
PAN,Panama,2016,0.021278428865252188,0.0037823319626381375,0.4556014129433447,0.5026168807335338,0.016720945495231045
PAN,Panama,2017,0.02125222291003329,0.004393460635237043,0.4550403061858455,0.5019978709583209,0.017316139310563142
PAN,Panama,2018,0.02831185162629493,0.004554568487708433,0.4395102657771079,0.5001492165724776,0.02747409753641122
PAN,Panama,2019,0.052990288042861974,0.004414805102964661,0.4260232707872599,0.48994062012535183,0.026631015941561535
PER,Peru,2016,0.343726212995236,0.028904229221595957,0.12613941020089853,0.36103392351044244,0.1401962240718271
PER,Peru,2017,0.33547691608144503,0.02437267855493231,0.10162221378566438,0.3698659226518072,0.16866226892615116
PER,Peru,2018,0.33778457665543166,0.024277345029181177,0.10581588661719032,0.36433074969926255,0.16779144199893428
PER,Peru,2019,0.32926841789820044,0.051910315516911526,0.09947032745477206,0.3488251309755901,0.17052580815452595
PHL,Philippines,2016,0.1804093807261371,0.013698583680179783,0.04693647021861173,0.45055337156884406,0.3084021938062273
PHL,Philippines,2017,0.16051798616155666,0.01332651636073698,0.04174583004941708,0.42364665236448856,0.3607630150638008
PHL,Philippines,2018,0.15679141316748127,0.013478205633494326,0.04391988682346278,0.42798601783127244,0.3578244765442891
PHL,Philippines,2019,0.16161613618755746,0.014117917170499539,0.0430749655908746,0.42724095339885937,0.35395002765220895
PLW,Palau,2016,0.09605809446792962,0.40765539490592256,0,0.21557965030467977,0.280706860321468
PLW,Palau,2017,0.09570443765419794,0.40799537977636774,0,0.21478595131809827,0.28151423125133607
PLW,Palau,2018,0.09570443765419794,0.40799537977636774,0,0.21478595131809827,0.28151423125133607
PLW,Palau,2019,0.12020408442498191,0.3832715301485469,0,0.23206945402643397,0.26445493140003723
PNG,Papua New Guinea,2016,0.1761544699702236,0.15035555323179597,0.10629519488405882,0.1557699207949456,0.4114248611189759
PNG,Papua New Guinea,2017,0.15742000563684155,0.16747123194250968,0.0949904375440838,0.1793431527833844,0.40077517209318053
PNG,Papua New Guinea,2018,0.15376764463722808,0.17169943571820698,0.0920269268739974,0.18489128443739453,0.3976147083331731
PNG,Papua New Guinea,2019,0.15079335571111138,0.17305218064335634,0.09024687314324256,0.1885486620680847,0.397358928434205
PRK,North Korea,2016,0.3595368404790249,0.4900452801519262,0.014599064318535358,0.006389019818685825,0.12942979523182777
PRK,North Korea,2017,0.3595368404790249,0.4900452801519262,0.014599064318535358,0.006389019818685825,0.12942979523182777
PRK,North Korea,2018,0.28917187156029245,0.5898485380441143,0.011741880877618276,0.005138624503524177,0.10409908501445081
PRK,North Korea,2019,0.24944341002993248,0.5086730270682129,0.010147301403292648,0.07317426916222582,0.1585619923363361
PRY,Paraguay,2016,0.047000738648318545,0.4304741097433651,0.014372422908134092,0.5070645317092848,0.0010881969908974206
PRY,Paraguay,2017,0.029458839171838506,0.21465384324317496,0.009548227696574027,0.7457797834411283,5.593064472843147e-4
PRY,Paraguay,2018,0.03557822897234648,0.21277108503080605,0.009619800905779128,0.7413437914712886,6.870936197797793e-4
PRY,Paraguay,2019,0.07257611810867778,0.2047804800655209,0.00916522031949616,0.7091754159753083,0.00430276553099679
PSE,Palestinian Territories,2016,0.20491348830024547,0.01190142783877184,0.008908517766366345,0.37599033235668256,0.3982862337379338
PSE,Palestinian Territories,2017,0.260298202021977,0.012138422218027979,0.008331379530579702,0.34005585377616565,0.3791761424532497
PSE,Palestinian Territories,2018,0.2305884138017653,0.02347984233272559,0.006954619952276879,0.34692024555934436,0.39205687835388786
PSE,Palestinian Territories,2019,0.2299997595932229,0.027388106314002143,0.006868498126264935,0.3475773719196112,0.38816626404689886
QAT,Qatar,2016,0.15335855229526632,0.45496370514262346,0.21275943155096616,0.17891831101114405,0
QAT,Qatar,2017,0.12694651320243738,0.37660798916723087,0.34834123222748814,0.1481042654028436,0
QAT,Qatar,2018,0.08920076117982874,0.4043767840152236,0.24476688867745006,0.10406755470980018,0.15758801141769743
QAT,Qatar,2019,0.1898868084206072,0.35967417750978525,0.21770866391621707,0.0925632074473712,0.14016714270601927
RWA,Rwanda,2016,0.12491681052039642,0.2351442773389186,0.07505179847804937,0.3117647160158179,0.25312239764681765
RWA,Rwanda,2017,0.1260458565357022,0.2343770228071698,0.0754139855539618,0.3116782588889622,0.25248487621420396
RWA,Rwanda,2018,0.1284201933233101,0.23351591237073163,0.07621985103018382,0.310636453055721,0.2512075902200535
RWA,Rwanda,2019,0.13405355980603592,0.2260228558612557,0.07377410913142067,0.3120900260313411,0.25405944916994655
SAU,Saudi Arabia,2016,0,0.14236902050113895,0,0.2164009111617312,0.6412300683371298
SAU,Saudi Arabia,2017,0,0.14236902050113895,0,0.2164009111617312,0.6412300683371298
SAU,Saudi Arabia,2018,0.22457485828609536,0.3147715905301767,0,0.2209903301100367,0.23966322107369123
SAU,Saudi Arabia,2019,0.30685543964232487,0.281371087928465,0,0.19754098360655736,0.21423248882265275
SDN,Sudan,2016,0.1190106251243787,0.32529188234503087,0.022811442955428123,0.35921177571947854,0.17367427385568376
SDN,Sudan,2017,0.15218676331048872,0.32366051655747435,0.07480690359786198,0.3031561223855275,0.14618969414864738
SDN,Sudan,2018,0.2365028144722132,0.2833899101725059,0.06699373797697829,0.27656887553540843,0.1365446618428941
SDN,Sudan,2019,0.2366408069124228,0.2831672045635351,0.0669410900855826,0.27660281836526646,0.13664808007319298
SEN,Senegal,2016,0.37471830911076237,0.08773240883065951,0.015452246998139114,0.42395150345228977,0.09814553160814928
SEN,Senegal,2017,0.3605793789914685,0.0921230943774883,0.0255466211577351,0.40218949886923483,0.11956140660407326
SEN,Senegal,2018,0.367747992592247,0.09331913202977576,0.024753964526848915,0.37533867758020445,0.13884023327092396
SEN,Senegal,2019,0.33136604749871923,0.09246680728860547,0.05235036656753885,0.3575603076763211,0.16625647096881532
SHN,St. Helena,2016,0.11364247595978878,0,0,0.7727150480804224,0.11364247595978878
SHN,St. Helena,2017,0.11364247595978878,0,0,0.7727150480804224,0.11364247595978878
SHN,St. Helena,2018,0.11364247595978878,0,0,0.7727150480804224,0.11364247595978878
SHN,St. Helena,2019,0.11364247595978878,0,0,0.7727150480804224,0.11364247595978878
SLB,Solomon Islands,2016,0.18399572495789226,0.2025920135694381,0.11475097869525287,0.24020806608497677,0.2584532166924399
SLB,Solomon Islands,2017,0.17030992323803346,0.21953111437891792,0.10721032059536786,0.2240153251189165,0.27893331666876425
SLB,Solomon Islands,2018,0.1709736135763752,0.21883712582489917,0.1068714040113731,0.22428673674614655,0.279031119841206
SLB,Solomon Islands,2019,0.16999405986325214,0.21758334920588185,0.1062591090587414,0.22873100619477515,0.2774324756773494
SLE,Sierra Leone,2016,0.40351938559459605,0.4245388275939371,0.014433823051115052,0.09940360493676952,0.058104358823582336
SLE,Sierra Leone,2017,0.3994394567436085,0.4211355845382971,0.014287739384949205,0.10751939811014,0.05761782122300526
SLE,Sierra Leone,2018,0.39690201383575346,0.41440080249690636,0.014052501996913354,0.11270896905445926,0.061935712615967586
SLE,Sierra Leone,2019,0.391578305632145,0.39569746902110076,0.013417771594416044,0.12126264651884483,0.07804380723349338
SLV,El Salvador,2016,0.24429916567609886,0.04361000480103482,0.013430313030885235,0.25061713702426586,0.44804337946771516
SLV,El Salvador,2017,0.4475491391807391,0.04530023733388675,0.008949120942716963,0.19212617582561464,0.30607532671704263
SLV,El Salvador,2018,0.44429524959204,0.044951260895123184,0.00888018019228258,0.1962540474843805,0.30561926183617377
SLV,El Salvador,2019,0.4432291062576225,0.042912783839286955,0.008477476392362624,0.20358966747990656,0.30179096603082123
SOM,Somalia,2016,0.12502515763472732,0.20122636551735001,0.07023839704531878,0.4463643596695675,0.15714572013303643
SOM,Somalia,2017,0.11631783669147241,0.25307325971074485,0.06629878169255188,0.41829779826000085,0.14601232364523006
SOM,Somalia,2018,0.11648170855637115,0.2524113555884753,0.06797815748952782,0.4175548953665806,0.1455738829990452
SOM,Somalia,2019,0.11855944246696114,0.25138335417715607,0.06765959246996778,0.41648800023807503,0.14590961064784
SRB,Serbia,2016,0.3160386137439799,0.04521981260269468,0.05857390830086828,0.14664847498999808,0.43351919036245895
SRB,Serbia,2017,0.31603058251524546,0.045183144315958025,0.05838419701541337,0.14828698337052545,0.43211509278285776
SRB,Serbia,2018,0.13982395189716054,0.5792045929956836,0.025592887876867018,0.065576641039269,0.18980192619101985
SRB,Serbia,2019,0.139820771714601,0.5777502121995692,0.02552862422099248,0.0665024260021202,0.19039796586271712
SSD,South Sudan,2016,0.06555592404895015,0.1612058381650976,0.004608318115180209,0.32918439743026034,0.4394455222405117
SSD,South Sudan,2017,0.07692792677139405,0.16340568298867528,0.004530221974329273,0.32655671602060765,0.4285794522449938
SSD,South Sudan,2018,0.0850500652421487,0.15894753361544897,0.0044066252555001505,0.32617824804179124,0.42541752784511094
SSD,South Sudan,2019,0.10166770445145974,0.15604224578475215,0.004325726550751522,0.32027346020436603,0.41769086300867053
STP,São Tomé & Príncipe,2016,0.4523878277298405,1.728104946474282e-4,0.006355267047513503,0.42399563260011025,0.11708846212788829
STP,São Tomé & Príncipe,2017,0.4490839132095519,1.7051570354301903e-4,0.006270873965273136,0.42623763056796227,0.11823706655366964
STP,São Tomé & Príncipe,2018,0.44104004037097355,4.5172223964633554e-4,0.01381862958151814,0.4245787136127247,0.12011089419513737
STP,São Tomé & Príncipe,2019,0.3907711956414999,0.006972545305014591,0.051100009603376705,0.40705223206434527,0.1441040173857636
SUR,Suriname,2016,0.49540655983940574,0.00441394062616163,0.0037936538101572756,0.492944516391495,0.003441329332780236
SUR,Suriname,2017,0.4934083673967933,0.005124992862527413,0.004130961514884279,0.492620365080285,0.00471531314550995
SUR,Suriname,2018,0.4915245819748576,0.005105426135491775,0.004980036347847933,0.4922614471348405,0.006128508406962257
SUR,Suriname,2019,0.4936846431020148,0.004934993831416803,0.00481378987857861,0.49030194008169437,0.006264633106295422
SWZ,Eswatini,2016,0.08635378792366823,0.016176869054627407,0.0011302743797510979,0.14807927974044785,0.7482597889015054
SWZ,Eswatini,2017,0.08635378792366823,0.016176869054627407,0.0011302743797510979,0.14807927974044785,0.7482597889015054
SWZ,Eswatini,2018,0.08616458121134132,0.016627628429495226,0.0011277978757718045,0.14882658506130375,0.7472534074220879
SWZ,Eswatini,2019,0.08657829567062159,0.01639758736702961,0.0011119389705841875,0.1529501667820091,0.7429620112097556
SYC,Seychelles,2016,0.3341629493898951,0,0,0.33869955292361287,0.3271374976864921
SYC,Seychelles,2017,0.3341629493898951,0,0,0.33869955292361287,0.3271374976864921
SYC,Seychelles,2018,0.3341629493898951,0,0,0.33869955292361287,0.3271374976864921
SYC,Seychelles,2019,0.3341629493898951,0,0,0.33869955292361287,0.3271374976864921
SYR,Syria,2016,0.560447410973759,0.04604107357270103,0,0.24517127584024828,0.14834023961329168
SYR,Syria,2017,0.3308981821187264,0.04735514294003686,0,0.5206512016523815,0.10109547328885522
SYR,Syria,2018,0.36472436642377287,0.043524045991605996,0,0.4640287501617051,0.12772283742291607
SYR,Syria,2019,0.36277146527002063,0.04319029589825464,0,0.46430458407645214,0.1297336547552726
TCA,Turks & Caicos Islands,2016,0.5,0,0,0.5,0
TCA,Turks & Caicos Islands,2017,0.5,0,0,0.5,0
TCA,Turks & Caicos Islands,2018,0.5,0,0,0.5,0
TCA,Turks & Caicos Islands,2019,0.5,0,0,0.5,0
TCD,Chad,2016,0.4255074928737868,0.013452486648351315,0.05916753525402189,0.47699048098967634,0.024882004234163663
TCD,Chad,2017,0.4102712832742818,0.013059415196397323,0.092750892058989,0.4598628167810001,0.024055592689331804
TCD,Chad,2018,0.4054457792267825,0.016208026348372526,0.09288906375566672,0.44957068019905433,0.035886450470123905
TCD,Chad,2019,0.41547152681822924,0.015799563403907688,0.09287328551028783,0.43957824639284937,0.03627737787472581
TGO,Togo,2016,0.15222535321614478,0.01659159457492398,0.09479166305845035,0.6460513483180975,0.09034004083238333
TGO,Togo,2017,0.172362053827955,0.024056061249888572,0.10378192190658989,0.58771215369218055,0.11208780932338605
TGO,Togo,2018,0.25200370581944703,0.02222148003503832,0.09710434249041237,0.5290780984619137,0.09959237319318857
TGO,Togo,2019,0.27047210457348325,0.02649948284361981,0.08805642187691529,0.5208913980462448,0.09408059265973684
THA,Thailand,2016,0.17015686191979856,0.10417399149746102,0.12275032409807454,0.16203279311256488,0.44088602937210103
THA,Thailand,2017,0.1071017328348665,0.07180394269565699,0.08036307558693725,0.3367734799884685,0.40395776889407076
THA,Thailand,2018,0.09425719592565766,0.06716010715766452,0.288811874360147,0.24639398236371718,0.30337684019281363
THA,Thailand,2019,0.09848108570905217,0.07395542193461006,0.27446388177190517,0.24776731873741187,0.3053322918470207
TJK,Tajikistan,2016,0.17349094536079268,0.05602981046784819,0.1019009999019949,0.38480294700270307,0.2837752972666611
TJK,Tajikistan,2017,0.22807095990637938,0.054715607143484446,0.0840326591468276,0.39702290001486723,0.23615787378844136
TJK,Tajikistan,2018,0.23824622836159506,0.05285273989532593,0.0791558830504589,0.4037224917295283,0.22602265696309187
TJK,Tajikistan,2019,0.23443241240078413,0.052006679815501916,0.07788876552987536,0.4052636900949091,0.2304084521589295
TKL,Tokelau,2016,0.5,0,0,0.5,0
TKL,Tokelau,2017,0.1705242434550995,0.3294757565449005,0,0.1705242434550995,0.3294757565449005
TKL,Tokelau,2018,0.1705242434550995,0.3294757565449005,0,0.1705242434550995,0.3294757565449005
TKL,Tokelau,2019,0.1705242434550995,0.3294757565449005,0,0.1705242434550995,0.3294757565449005
TKM,Turkmenistan,2016,0.07436062682496884,0.13735452855059904,0.038927374878749095,0.2173216748639048,0.5320357948817782
TKM,Turkmenistan,2017,0.07336043670183409,0.14895757060592635,0.038403780907911085,0.21439858233466064,0.5248796294496679
TKM,Turkmenistan,2018,0.09120104626538061,0.15076588239497135,0.03628517671625351,0.22514133420032098,0.49660656042307355
TKM,Turkmenistan,2019,0.08535385713866311,0.14154331190180766,0.034260701107556836,0.24313684804756,0.49570528180441237
TLS,Timor-Leste,2016,0.4129478313957499,0.2810447815150032,0.04057873181595309,0.18557535919838733,0.07985329607490646
TLS,Timor-Leste,2017,0.3785302116104695,0.31949002621884515,0.03424837851141328,0.19048095224912118,0.07725043141015095
TLS,Timor-Leste,2018,0.36972706687342155,0.31384315796710127,0.0325064200013498,0.1919688532362644,0.09195450192186297
TLS,Timor-Leste,2019,0.36285377819330134,0.29236642314820005,0.043142274170771384,0.20018754899890237,0.10144997548882478
TON,Tonga,2016,0.34590320847467737,0.251901052316733,0,0.20284657783579196,0.19934916137279776
TON,Tonga,2017,0.3408456495242277,0.25552858459371236,0,0.19988069460555125,0.20374507127650862
TON,Tonga,2018,0.3380210314407654,0.26127614385536174,4.2194128944368035e-4,0.19822426558758982,0.20205661782683937
TON,Tonga,2019,0.291669595508023,0.36119486394713746,3.640822131558349e-4,0.17104258607038447,0.17572887226129918
TTO,Trinidad & Tobago,2016,0,0.13904430991868755,0,0.8609556900813125,0
TTO,Trinidad & Tobago,2017,0,0.13904430991868755,0,0.8609556900813125,0
TTO,Trinidad & Tobago,2018,0,0.13904430991868755,0,0.8609556900813125,0
TTO,Trinidad & Tobago,2019,0,0.13904430991868755,0,0.8609556900813125,0
TUN,Tunisia,2016,0.19515570736346521,0.11629237557483817,0.09989573045147589,0.5370179044891491,0.0516382821210717
TUN,Tunisia,2017,0.18392070960441523,0.10892115983437371,0.09313599667077976,0.5342639585730092,0.07975817531742199
TUN,Tunisia,2018,0.7774220510032791,0.02854216570800519,0.024953204851157845,0.14763495500382373,0.021447623433734048
TUN,Tunisia,2019,0.7638184905101474,0.02781834223411976,0.024275235666644083,0.15775478830747863,0.0263331432816101
TUR,Turkey,2016,0.26490825556099673,0.12295217113284623,0.12460159411763327,0.2875806204752774,0.1999573587132463
TUR,Turkey,2017,0.26490879818631025,0.12294666604555989,0.124596015178723,0.28758500053414937,0.19996352005525755
TUR,Turkey,2018,0.2630340206156188,0.12201995491692731,0.1236568720725032,0.292791457292063,0.19849769510288764
TUR,Turkey,2019,0.26358686507536133,0.12065878967630445,0.12576517314354446,0.2933774709404148,0.19661170116437499
TUV,Tuvalu,2016,0.1619788578160428,0.3150551854705732,0,0.24942534997187465,0.27354060674150926
TUV,Tuvalu,2017,0.15539135189843817,0.3225766921447747,0,0.23928148927860834,0.2827504666781788
TUV,Tuvalu,2018,0.15867832588988914,0.3200551710761158,0,0.23965388087996045,0.28161262215403454
TUV,Tuvalu,2019,0.16656217516365757,0.31400727045455895,0,0.24054706691170682,0.2788834874700767
TZA,Tanzania,2016,0.3880358788499064,0.04772360185841021,0.04832987315924481,0.30837359657803987,0.20753704955439864
TZA,Tanzania,2017,0.3842369854799797,0.04610560157748257,0.048471652668718834,0.3015971490757601,0.21958861119805878
TZA,Tanzania,2018,0.36935227370412116,0.04532088922127328,0.046591542372673427,0.32674187829458445,0.21199341640734767
TZA,Tanzania,2019,0.35731330826544017,0.04336805837819435,0.044847239730048775,0.3292392141233912,0.22523217950292554
UGA,Uganda,2016,0.4613254330267358,0.1222838978469342,0.06345603650628819,0.21565526578677977,0.13727936683326214
UGA,Uganda,2017,0.4216771395265393,0.13615168007831963,0.07699916232532018,0.2224354239957322,0.14273659407408865
UGA,Uganda,2018,0.42344818658553446,0.13106081613468468,0.07301902259635737,0.22678362489004297,0.14568834979338044
UGA,Uganda,2019,0.3867852155903614,0.13243186808118765,0.06585285530498862,0.2680272949645247,0.1469027660589376
UKR,Ukraine,2016,0.31918795881691875,0.31018558421938963,0.21985661942538612,0.1463473241086461,0.004422513429659391
UKR,Ukraine,2017,0.24092061921700877,0.23417992258077286,0.17023789844619408,0.35128772973525063,0.003373830020773646
UKR,Ukraine,2018,0.2439849844831308,0.23332679828631278,0.16817457247004972,0.34967621465716153,0.004837430103345116
UKR,Ukraine,2019,0.2354037267973281,0.2251611493125575,0.18242322940920364,0.3374805340001933,0.0195313604807174
URY,Uruguay,2016,0.2150281663902675,0,0.26299088692743355,0.2562602384119907,0.26572070827030825
URY,Uruguay,2017,0.23357308235490112,0,0.24587640990788034,0.2721219231919671,0.24842858454525146
URY,Uruguay,2018,0.23357308235490112,0,0.24587640990788034,0.2721219231919671,0.24842858454525146
URY,Uruguay,2019,0.23357308235490112,0,0.24587640990788034,0.2721219231919671,0.24842858454525146
USA,United States,2016,0,0.9388984040263132,0,0.030550797986843417,0.030550797986843417
USA,United States,2017,0,0.9388984040263132,0,0.030550797986843417,0.030550797986843417
USA,United States,2018,0,0.9388984040263132,0,0.030550797986843417,0.030550797986843417
USA,United States,2019,0,0.9388984040263132,0,0.030550797986843417,0.030550797986843417
UZB,Uzbekistan,2016,0.15120271782711728,0.03285914042207346,0.19179546164993055,0.46616615924699933,0.1579765208538794
UZB,Uzbekistan,2017,0.15102050670669978,0.03281954258363309,0.19156433309311333,0.4662069316756979,0.15838868594085598
UZB,Uzbekistan,2018,0.1819741176593451,0.03468497651122903,0.1807003590794703,0.4466950855326335,0.1559454612173221
UZB,Uzbekistan,2019,0.17586686095282883,0.03808927757332526,0.17466722665849377,0.4467830942121623,0.16459354060318984
VCT,St. Vincent & Grenadines,2016,0.5,0,0,0.5,0
VCT,St. Vincent & Grenadines,2017,0.1723089180029339,0.32769108199706615,0,0.5,0
VCT,St. Vincent & Grenadines,2018,0.1723089180029339,0.32769108199706615,0,0.5,0
VCT,St. Vincent & Grenadines,2019,0.1723089180029339,0.32769108199706615,0,0.5,0
VEN,Venezuela,2016,0.3400936026497425,0.27883407023513934,0.044677126386560816,0.24789676560618273,0.08849843512237468
VEN,Venezuela,2017,0.3468063835454905,0.26840047568592396,0.043270481615743775,0.25617664874612917,0.08534601040671268
VEN,Venezuela,2018,0.43121133077968615,0.2341918316863014,0.037672745558910835,0.22267780794177325,0.07424628403332845
VEN,Venezuela,2019,0.40657905980308684,0.2466143159809097,0.03500207805617985,0.2399415080055533,0.07186303815427025
VNM,Vietnam,2016,0.22137672748899573,0.030797543120981333,0.040402709927766754,0.4209214603644247,0.28650155909783154
VNM,Vietnam,2017,0.21018419467075103,0.02944249382268526,0.03826408653295372,0.45017374145589206,0.27193548351771796
VNM,Vietnam,2018,0.20508208722659538,0.036228652971062925,0.0399523475910323,0.4544498941707711,0.2642870180405382
VNM,Vietnam,2019,0.21770455627598093,0.03785264051869309,0.03821972147236554,0.4438698833919145,0.262353198341046
VUT,Vanuatu,2016,0.05476327041277802,0.2533893896294345,0,0.4796021584401147,0.21224518151767277
VUT,Vanuatu,2017,0.054145364424507215,0.2538530162006416,0,0.47694310259729134,0.21505851677755977
VUT,Vanuatu,2018,0.054145364424507215,0.2538530162006416,0,0.47694310259729134,0.21505851677755977
VUT,Vanuatu,2019,0.06169377584927535,0.2518271372382418,0,0.4731368488356663,0.21334223807681663
WLF,Wallis & Futuna,2016,0.16254983216069288,0.043282549947398656,0.0315753553223571,0.7121742167936155,0.050418045775935824
WLF,Wallis & Futuna,2017,0.19308707213153958,0.0395342893902957,0.028449630690424905,0.6707273929919472,0.06820161479579263
WLF,Wallis & Futuna,2018,0.18201410265033716,0.06594062879166157,0.0268181289595791,0.6322631712767474,0.09296396832167474
WLF,Wallis & Futuna,2019,0.19073239056940985,0.06511220693161207,0.02498096358726487,0.5965647150739923,0.12260972383772091
WSM,Samoa,2016,0.046698753985225355,0.2551811288061061,0.11163379492204313,0.30221839293206254,0.2842679293545629
WSM,Samoa,2017,0.0536743055179155,0.2519519113392227,0.10966125377743247,0.30060507703195116,0.2841074523334781
WSM,Samoa,2018,0.05850719018618006,0.24969821709791132,0.10782841868888073,0.3002295784096351,0.2837365956173929
WSM,Samoa,2019,0.06177406826903264,0.2302758842692167,0.09944117643898483,0.3408796429606762,0.26762922806208966
YEM,Yemen,2016,0.16569153406753598,0.05811943908108834,0.13860881236838699,0.5740793344156475,0.0635008800673412
YEM,Yemen,2017,0.19029072091246024,0.054017120709875084,0.12829911089308663,0.5685232977442792,0.05886974974029874
YEM,Yemen,2018,0.22564934266244385,0.04713254372543638,0.1060943096811324,0.5235396349492804,0.09758416898170702
YEM,Yemen,2019,0.22934773672983616,0.0715309875564948,0.11684558733222866,0.49276411631108935,0.0895115720703511
ZAF,South Africa,2016,0.1648942251653193,0.035720928970401855,0.07030135289108987,0.7095111524377408,0.019572340535448166
ZAF,South Africa,2017,0.16562048402476448,0.04241412704707986,0.06928813660493179,0.7005363603549821,0.022140891968241715
ZAF,South Africa,2018,0.1709015200720441,0.03806092610062648,0.0858480372722633,0.6808582074058251,0.024331309149241004
ZAF,South Africa,2019,0.19107124362879482,0.019837580408106955,0.0830056409736559,0.3573652049191724,0.3487203300702699
ZMB,Zambia,2016,0.26107272588836156,0.13339916357812026,0.013005929473226372,0.18702994594260228,0.4054922351176895
ZMB,Zambia,2017,0.28398332985876357,0.12842590559763445,0.010878830950251503,0.2223958307123356,0.35431610288101495
ZMB,Zambia,2018,0.31758810563337564,0.10478787472000274,0.05643214017420582,0.22136092389049453,0.29983095558192135
ZMB,Zambia,2019,0.2670722654790156,0.08353183946368721,0.046718131578173665,0.27551536877826477,0.3271623947008587
ZWE,Zimbabwe,2016,0.48673523456482154,0.10684147247428435,0.07839626196237501,0.2542188228255903,0.07380820817292882
ZWE,Zimbabwe,2017,0.48468765263879116,0.1065990849716718,0.07805524374454083,0.2542226497350017,0.07643536890999456
ZWE,Zimbabwe,2018,0.4870334709897171,0.10590463497820612,0.0797084176265307,0.25153062025825695,0.07582285614728913
ZWE,Zimbabwe,2019,0.4776765701231704,0.10053925413784869,0.0753527997881797,0.2560734081346344,0.09035796781616683
